strategy,mean,median,p95,p99
Best-Acc,4.74169921875,4.74169921875,4.74169921875,4.74169921875
Lowest-Latency,3.376494140625,3.35400390625,3.68896484375,3.832998046875
Random,4.0897216796875,4.07177734375,4.744091796874999,4.935019531249998
Round-Robin,4.0631640625,4.02392578125,4.59814453125,4.59814453125
SLO-first,3.366923828125,3.35400390625,3.64111328125,3.6904003906249985
