mean_slo_excess_ms,p50_slo_excess_ms,p95_slo_excess_ms
3158.4307295570065,3119.633571087251,4160.809390197818
564.8940907712232,560.8585400490628,781.9014409403119
2820.06057951964,2815.7857550462886,3975.221156441803
3100.8966290256553,3038.564623118305,4585.041936770115
593.6666666666666,575.0,858.2499999999997
