mean_slo_excess_pct,p50_slo_excess_pct,p95_slo_excess_pct
4512.043899367152,4456.619387267501,5944.0134145683105
806.9915582446046,801.2264857843754,1117.0020584861597
4028.657970742343,4022.5510786375544,5678.887366345432
4429.8523271795075,4340.806604454721,6550.059909671593
848.0952380952381,821.4285714285714,1226.0714285714282
