strategy,mean,median,p95,p99
Best-Acc,7588.987695902004,7588.987695902004,7588.987695902004,7588.987695902004
Lowest-Latency,2226.923045313896,2226.923045313896,2226.923045313896,2226.923045313896
Random,9907.14090226833,9907.14090226833,9907.14090226833,9907.14090226833
Round-Robin,9212.566672287325,9212.566672287325,9212.566672287325,9212.566672287325
SLO-first,1385.0,1385.0,1385.0,1385.0
