strategy,mean,median,p95,p99
Best-Acc,4.74169921875,4.74169921875,4.74169921875,4.74169921875
Lowest-Latency,3.54541015625,3.54541015625,3.54541015625,3.54541015625
Random,4.02392578125,4.02392578125,4.02392578125,4.02392578125
Round-Robin,4.02392578125,4.02392578125,4.02392578125,4.02392578125
SLO-first,4.35888671875,4.35888671875,4.35888671875,4.35888671875
