strategy,mean,median,p95,p99
Best-Acc,39.269970703125,39.437255859375,47.59533691406249,50.4245361328125
Lowest-Latency,6.8291015625,6.8291015625,8.651464843749999,8.84201171875
Random,35.542041015625,33.557373046875,45.890795898437496,47.0820654296875
Round-Robin,40.482275390625,40.635009765625,49.157666015625,49.765517578125
SLO-first,6.02646484375,5.734619140625,7.5567138671875,7.6433740234375
