strategy,mean,median,p95,p99
Best-Acc,4.74169921875,4.74169921875,4.74169921875,4.74169921875
Lowest-Latency,3.82294921875,3.88037109375,3.88037109375,3.88037109375
Random,3.84208984375,3.88037109375,4.45458984375,4.56943359375
Round-Robin,4.11005859375,4.07177734375,4.58857421875,4.59623046875
SLO-first,3.59326171875,3.59326171875,3.59326171875,3.59326171875
