strategy,mean,median,p95,p99
Best-Acc,45.46201171875,44.5458984375,52.92890625,53.285390625
Lowest-Latency,7.71376953125,7.75927734375,8.4396484375,8.4695703125
Random,38.07841796875,41.447265625,42.5494140625,42.7278515625
Round-Robin,34.46708984375,33.85302734375,41.22451171875,41.78005859375
SLO-first,5.5966796875,5.84375,6.15478515625,6.19306640625
