strategy,mean,median,p95,p99
Best-Acc,4.74169921875,4.74169921875,4.74169921875,4.74169921875
Lowest-Latency,3.39228515625,3.330078125,3.68896484375,3.68896484375
Random,4.019140625,3.97607421875,4.490478515625,4.576611328125
Round-Robin,4.12919921875,4.0478515625,4.59814453125,4.59814453125
SLO-first,3.74638671875,3.59326171875,3.97607421875,3.97607421875
