strategy,mean,median,p95,p99
Best-Acc,8875.854422890434,8579.357713925163,10194.364332357787,10271.33204345883
Lowest-Latency,1808.4174220088978,1781.9114263522256,2134.332664129205,2141.3735317303854
Random,8621.754190906966,8586.67230647309,10112.197045995927,10214.940296305016
Round-Robin,9647.176521374884,9663.380104957463,11084.268534163808,11166.190504730308
SLO-first,1387.5,1390.0,1578.5,1603.7
