strategy,mean,median,p95,p99
Best-Acc,201.8,195.0,233.75,235.55
Lowest-Latency,39.8,39.5,46.55,46.91
Random,196.3,196.0,231.29999999999998,233.46
Round-Robin,221.0,222.0,255.0,255.0
SLO-first,36.3,36.5,43.74999999999999,45.55
