strategy,mean,median,p95,p99
Best-Acc,40.87734375,38.71875,50.72607421875,50.76123046875
Lowest-Latency,6.60390625,6.32666015625,7.4921875,7.591015625
Random,32.5146484375,33.9716796875,37.32744140625,37.89009765625
Round-Robin,34.8833984375,35.48095703125,43.28076171875,44.81201171875
SLO-first,6.48583984375,6.80078125,7.21201171875,7.24552734375
