strategy,mean,median,p95,p99
Best-Acc,9227.78099227086,8914.59014652804,10771.921500375545,10947.613508897643
Lowest-Latency,1907.5744935108328,1990.905419949552,2020.5907663195512,2025.9483343499949
Random,8190.509382163812,7881.46514305093,9834.350857238564,10170.547367957739
Round-Robin,8487.172306817609,8629.401422630392,9191.17974317211,9252.233428664065
SLO-first,1455.0,1495.0,1515.0,1519.0
