mean_slo_excess_ms,p50_slo_excess_ms,p95_slo_excess_ms
1024.6783350770115,984.5797088854445,1144.229924533998
583.9523108439959,621.5072697230628,632.3213207731569
1201.4979546510058,1281.6262761013127,1355.7571406330408
1264.3526989763864,1254.2838855890468,1443.627952673143
385.0,375.0,447.0
