mean_slo_excess_pct,p50_slo_excess_pct,p95_slo_excess_pct
1463.8261929671592,1406.5424412649206,1634.6141779057116
834.2175869199941,887.867528175804,903.3161725330814
1716.425649501437,1830.8946801447323,1936.7959151900586
1806.2181413948376,1791.834122270067,2062.3256466759185
550.0,535.7142857142857,638.5714285714286
