mean_slo_excess_pct,p50_slo_excess_pct,p95_slo_excess_pct
1718.1213954365398,1707.796148828913,2063.310560049099
665.2686548997891,632.4190115263322,920.1188667204931
1539.1483076526217,1529.6551473276595,2008.129131661389
1658.1270145942333,1669.8984601026655,2146.152030731417
662.6190476190476,614.2857142857143,875.3571428571429
