mean_slo_excess_ms,p50_slo_excess_ms,p95_slo_excess_ms
1202.6849768055777,1195.4573041802391,1444.3173920343693
465.68805842985233,442.69330806843254,644.0832067043452
1077.4038153568354,1070.7586031293617,1405.6903921629723
1160.6889102159632,1168.9289220718658,1502.3064215119919
463.8333333333333,430.0,612.75
