strategy,mean,median,p95,p99
Best-Acc,3.0665878000001534,3.047687000000021,3.2697840000001976,3.2739240000004566
Lowest-Latency,57.74044580000007,57.4479579999998,60.71873535000022,61.20327987000017
Random,4.156212599999831,4.249312499999824,4.560669300000231,4.592934660000174
Round-Robin,2.711832800000158,2.7774584999999963,3.1656429000000097,3.236727780000064
SLO-first,58.60389590000003,55.95512500000033,69.09463969999973,71.19429434000011
