strategy,mean,median,p95,p99
Best-Acc,3924.1241033589117,3936.832581895289,4195.195855685202,4213.115998681163
Lowest-Latency,1576.9855941899095,1594.8378779939717,1751.474326701581,1783.9952458708221
Random,3488.220232697796,3571.518092014118,3904.1727965417117,3914.8982902595085
Round-Robin,3435.6502444208936,3483.850086700001,3891.5168023602914,3981.4615545367087
SLO-first,1372.0,1382.5,1440.5,1444.1
