strategy,mean,median,p95,p99
Best-Acc,14.756103515625,14.58544921875,16.915795898437498,17.1726123046875
Lowest-Latency,5.17197265625,4.925537109375,5.9931396484375,6.0087841796875
Random,12.076708984375,12.765625,13.936376953125,14.107587890625
Round-Robin,12.28486328125,12.2392578125,15.197290039062498,15.990239257812501
SLO-first,5.453125,5.3427734375,6.2645751953125,6.2904150390625
