strategy,mean,median,p95,p99
Best-Acc,4.74169921875,4.74169921875,4.74169921875,4.74169921875
Lowest-Latency,3.24873046875,3.16259765625,3.432958984375,3.484638671875
Random,4.1244140625,4.16748046875,4.5694335937499995,4.70724609375
Round-Robin,4.12919921875,4.0478515625,4.59814453125,4.59814453125
SLO-first,3.70810546875,3.59326171875,3.97607421875,3.97607421875
