mean_slo_excess_pct,p50_slo_excess_pct,p95_slo_excess_pct
490.23809523809524,500.0,579.2857142857142
