strategy,mean,median,p95,p99
SLO-first,2.44482421875,2.44482421875,2.44482421875,2.44482421875
