strategy,mean,median,p95,p99
SLO-first,3.9072265625,3.9072265625,3.9072265625,3.9072265625
