strategy,mean,median,p95,p99
SLO-first,3.59326171875,3.59326171875,3.59326171875,3.59326171875
