strategy,mean,median,p95,p99
SLO-first,5.8212890625,5.8212890625,5.8212890625,5.8212890625
