strategy,mean,median,p95,p99
SLO-first,32.15762399999994,32.15762399999994,32.15762399999994,32.15762399999994
