strategy,mean,median,p95,p99
Best-Acc,4.74169921875,4.74169921875,4.74169921875,4.74169921875
Lowest-Latency,3.88037109375,3.88037109375,3.88037109375,3.88037109375
Random,3.68896484375,3.68896484375,3.68896484375,3.68896484375
Round-Robin,4.55029296875,4.55029296875,4.55029296875,4.55029296875
SLO-first,2.44482421875,2.44482421875,2.44482421875,2.44482421875
