strategy,mean,median,p95,p99
Best-Acc,12.767979500000415,12.767979500000415,12.877235450000324,12.886947090000316
Lowest-Latency,3942.8081464999987,3942.8081464999987,3969.13530245,3971.47549409
Random,12.03827049999795,12.03827049999795,14.448226149999677,14.66244442999983
Round-Robin,12.980437500000441,12.980437500000441,14.423531250001265,14.551806250001338
SLO-first,2728.966354500001,2728.966354500001,2866.726110450002,2878.9714220900023
