strategy,mean,median,p95,p99
Best-Acc,151.8427734375,151.8427734375,151.8427734375,151.8427734375
Lowest-Latency,10.041015625,10.041015625,10.041015625,10.041015625
Random,151.35546875,151.35546875,151.35546875,151.35546875
Round-Robin,190.23681640625,190.23681640625,190.23681640625,190.23681640625
SLO-first,4.40966796875,4.40966796875,4.40966796875,4.40966796875
