strategy,mean,median,p95,p99
Best-Acc,11.27408350000092,11.27408350000092,11.520984550000346,11.542931310000295
Lowest-Latency,4029.7399585000003,4029.7399585000003,4132.006995850001,4141.097399170001
Random,16.993208499998858,16.993208499998858,19.045959549996105,19.22842630999586
Round-Robin,10.318833500000402,10.318833500000402,10.436808650000717,10.447295330000745
SLO-first,1895.9428749999997,1895.9428749999997,2082.6585625000002,2099.2555125000003
