strategy,mean,median,p95,p99
Best-Acc,34.29891699999921,34.29891699999921,34.29891699999921,34.29891699999921
Lowest-Latency,10789.839249,10789.839249,10789.839249,10789.839249
Random,38.35383400000225,38.35383400000225,38.35383400000225,38.35383400000225
Round-Robin,37.014000999995744,37.014000999995744,37.014000999995744,37.014000999995744
SLO-first,4886.591958,4886.591958,4886.591958,4886.591958
