strategy,mean,median,p95,p99
Best-Acc,4.74169921875,4.74169921875,4.74169921875,4.74169921875
Lowest-Latency,3.234375,3.234375,3.298974609375,3.304716796875
Random,4.57421875,4.57421875,5.069482421875,5.113505859375
Round-Robin,4.11962890625,4.11962890625,4.5072265625,4.5416796875
SLO-first,2.44482421875,2.44482421875,2.44482421875,2.44482421875
