strategy,mean,median,p95,p99
Best-Acc,34758.53143273496,34758.53143273496,36258.72236714163,36392.07267242222
Lowest-Latency,2814.719902978445,2814.719902978445,3005.7551535357666,3022.7360646964175
Random,36373.11374069308,36373.11374069308,42658.469911925764,43217.16823825756
Round-Robin,30908.29475198509,30908.29475198509,32115.209403051515,32222.49070536853
SLO-first,1917.5,1917.5,1933.25,1934.65
