strategy,mean,median,p95,p99
Best-Acc,37616.68561397969,37616.68561397969,37616.68561397969,37616.68561397969
Lowest-Latency,3095.330630438577,3095.330630438577,3095.330630438577,3095.330630438577
Random,inf,inf,,
Round-Robin,38791.386581941304,38791.386581941304,38791.386581941304,38791.386581941304
SLO-first,1900.0,1900.0,1900.0,1900.0
