strategy,mean,median,p95,p99
Best-Acc,4.74169921875,4.74169921875,4.74169921875,4.74169921875
Lowest-Latency,3.443486328125,3.35400390625,3.88037109375,4.21533203125
Random,4.0758447265625,4.07177734375,4.744091796874999,4.93310546875
Round-Robin,4.0631640625,4.02392578125,4.59814453125,4.59814453125
SLO-first,3.4154931640625,3.35400390625,3.88037109375,4.024404296875
