strategy,mean,median,p95,p99
Best-Acc,4.74169921875,4.74169921875,4.74169921875,4.74169921875
Lowest-Latency,3.3834326171875,3.35400390625,3.7416015624999983,4.024404296875
Random,4.035888671875,4.02392578125,4.74169921875,4.9369335937499965
Round-Robin,4.0631640625,4.02392578125,4.59814453125,4.59814453125
SLO-first,3.3767333984375,3.35400390625,3.64111328125,4.02392578125
