strategy,mean,median,p95,p99
Best-Acc,4.74169921875,4.74169921875,4.74169921875,4.74169921875
Lowest-Latency,3.3647705078125,3.35400390625,3.6435058593749994,3.73681640625
Random,4.066513671875,4.02392578125,4.744091796874999,5.12451171875
Round-Robin,4.0631640625,4.02392578125,4.59814453125,4.59814453125
SLO-first,3.377451171875,3.35400390625,3.68896484375,3.737773437499999
